1000,勤怠 太郎,1,202109010900
1000,勤怠 太郎,1,202109020900
1000,勤怠 太郎,1,202109030900
1000,勤怠 太郎,1,202109060900
1000,勤怠 太郎,1,202109070900
1000,勤怠 太郎,1,202109080900
1000,勤怠 太郎,1,202109090900
1000,勤怠 太郎,1,202109100900
1000,勤怠 太郎,1,202109130900
1000,勤怠 太郎,1,202109140900
1000,勤怠 太郎,1,202109150900
1000,勤怠 太郎,1,202109160900
1000,勤怠 太郎,1,202109170900
1000,勤怠 太郎,1,202109200900
1000,勤怠 太郎,1,202109210900
1000,勤怠 太郎,1,202109220900
1000,勤怠 太郎,1,202109230900
1000,勤怠 太郎,1,202109240900
1000,勤怠 太郎,1,202109270900
1000,勤怠 太郎,1,202109280900
1000,勤怠 太郎,1,202109290900
1000,勤怠 太郎,1,202109300900
1000,勤怠 太郎,2,202109012130
1000,勤怠 太郎,2,202109021800
1000,勤怠 太郎,2,202109031800
1000,勤怠 太郎,2,202109061800
1000,勤怠 太郎,2,202109071900
1000,勤怠 太郎,2,202109081800
1000,勤怠 太郎,2,202109091800
1000,勤怠 太郎,2,202109101830
1000,勤怠 太郎,2,202109131800
1000,勤怠 太郎,2,202109141800
1000,勤怠 太郎,2,202109152030
1000,勤怠 太郎,2,202109161800
1000,勤怠 太郎,2,202109171950
1000,勤怠 太郎,2,202109201800
1000,勤怠 太郎,2,202109211800
1000,勤怠 太郎,2,202109221920
1000,勤怠 太郎,2,202109231800
1000,勤怠 太郎,2,202109242130
1000,勤怠 太郎,2,202109271800
1000,勤怠 太郎,2,202109281800
1000,勤怠 太郎,2,202109291800
1000,勤怠 太郎,2,202109302200
10010,Test 10010,1,202109010900
10010,Test 10010,1,202109020900
10010,Test 10010,1,202109030900
10010,Test 10010,1,202109060900
10010,Test 10010,1,202109070900
10010,Test 10010,1,202109080900
10010,Test 10010,1,202109090900
10010,Test 10010,1,202109100900
10010,Test 10010,1,202109130900
10010,Test 10010,1,202109140900
10010,Test 10010,1,202109150900
10010,Test 10010,1,202109160900
10010,Test 10010,1,202109170900
10010,Test 10010,1,202109200900
10010,Test 10010,1,202109210900
10010,Test 10010,1,202109220900
10010,Test 10010,1,202109230900
10010,Test 10010,1,202109240900
10010,Test 10010,1,202109270900
10010,Test 10010,1,202109280900
10010,Test 10010,1,202109290900
10010,Test 10010,1,202109300900
10010,Test 10010,2,202109011800
10010,Test 10010,2,202109021950
10010,Test 10010,2,202109031800
10010,Test 10010,2,202109061800
10010,Test 10010,2,202109071800
10010,Test 10010,2,202109081800
10010,Test 10010,2,202109092010
10010,Test 10010,2,202109101800
10010,Test 10010,2,202109131800
10010,Test 10010,2,202109141800
10010,Test 10010,2,202109152020
10010,Test 10010,2,202109161930
10010,Test 10010,2,202109171800
10010,Test 10010,2,202109201800
10010,Test 10010,2,202109211800
10010,Test 10010,2,202109221800
10010,Test 10010,2,202109231800
10010,Test 10010,2,202109242010
10010,Test 10010,2,202109271800
10010,Test 10010,2,202109281800
10010,Test 10010,2,202109291800
10010,Test 10010,2,202109301950
10012,Test 10012,1,202109010900
10012,Test 10012,1,202109020900
10012,Test 10012,1,202109030900
10012,Test 10012,1,202109060900
10012,Test 10012,1,202109070900
10012,Test 10012,1,202109080900
10012,Test 10012,1,202109090900
10012,Test 10012,1,202109100900
10012,Test 10012,1,202109130900
10012,Test 10012,1,202109140900
10012,Test 10012,1,202109150900
10012,Test 10012,1,202109160900
10012,Test 10012,1,202109170900
10012,Test 10012,1,202109200900
10012,Test 10012,1,202109210900
10012,Test 10012,1,202109220900
10012,Test 10012,1,202109230900
10012,Test 10012,1,202109240900
10012,Test 10012,1,202109270900
10012,Test 10012,1,202109280900
10012,Test 10012,1,202109290900
10012,Test 10012,1,202109300900
10012,Test 10012,2,202109012210
10012,Test 10012,2,202109021800
10012,Test 10012,2,202109031800
10012,Test 10012,2,202109061800
10012,Test 10012,2,202109072300
10012,Test 10012,2,202109081950
10012,Test 10012,2,202109091800
10012,Test 10012,2,202109101800
10012,Test 10012,2,202109131800
10012,Test 10012,2,202109141800
10012,Test 10012,2,202109151950
10012,Test 10012,2,202109161800
10012,Test 10012,2,202109171800
10012,Test 10012,2,202109201800
10012,Test 10012,2,202109211800
10012,Test 10012,2,202109222110
10012,Test 10012,2,202109231800
10012,Test 10012,2,202109241800
10012,Test 10012,2,202109271800
10012,Test 10012,2,202109281800
10012,Test 10012,2,202109291950
10012,Test 10012,2,202109301800
10011,Test 10011,1,202109010900
10011,Test 10011,1,202109020900
10011,Test 10011,1,202109030900
10011,Test 10011,1,202109060900
10011,Test 10011,1,202109070900
10011,Test 10011,1,202109080900
10011,Test 10011,1,202109090900
10011,Test 10011,1,202109100900
10011,Test 10011,1,202109130900
10011,Test 10011,1,202109140900
10011,Test 10011,1,202109150900
10011,Test 10011,1,202109160900
10011,Test 10011,1,202109170900
10011,Test 10011,1,202109200900
10011,Test 10011,1,202109210900
10011,Test 10011,1,202109220900
10011,Test 10011,1,202109230900
10011,Test 10011,1,202109240900
10011,Test 10011,1,202109270900
10011,Test 10011,1,202109280900
10011,Test 10011,1,202109290900
10011,Test 10011,1,202109300900
10011,Test 10011,2,202109011800
10011,Test 10011,2,202109021800
10011,Test 10011,2,202109032040
10011,Test 10011,2,202109061800
10011,Test 10011,2,202109071800
10011,Test 10011,2,202109081800
10011,Test 10011,2,202109091800
10011,Test 10011,2,202109101910
10011,Test 10011,2,202109131800
10011,Test 10011,2,202109141800
10011,Test 10011,2,202109151800
10011,Test 10011,2,202109161800
10011,Test 10011,2,202109172140
10011,Test 10011,2,202109201800
10011,Test 10011,2,202109211800
10011,Test 10011,2,202109221800
10011,Test 10011,2,202109231800
10011,Test 10011,2,202109241800
10011,Test 10011,2,202109272230
10011,Test 10011,2,202109281800
10011,Test 10011,2,202109291800
10011,Test 10011,2,202109302240
10013,Test 10013,1,202109010900
10013,Test 10013,1,202109020900
10013,Test 10013,1,202109030900
10013,Test 10013,1,202109060900
10013,Test 10013,1,202109070900
10013,Test 10013,1,202109080900
10013,Test 10013,1,202109090900
10013,Test 10013,1,202109100900
10013,Test 10013,1,202109130900
10013,Test 10013,1,202109140900
10013,Test 10013,1,202109150900
10013,Test 10013,1,202109160900
10013,Test 10013,1,202109170900
10013,Test 10013,1,202109200900
10013,Test 10013,1,202109210900
10013,Test 10013,1,202109220900
10013,Test 10013,1,202109230900
10013,Test 10013,1,202109240900
10013,Test 10013,1,202109270900
10013,Test 10013,1,202109280900
10013,Test 10013,1,202109290900
10013,Test 10013,1,202109300900
10013,Test 10013,2,202109012055
10013,Test 10013,2,202109021800
10013,Test 10013,2,202109031800
10013,Test 10013,2,202109061800
10013,Test 10013,2,202109071955
10013,Test 10013,2,202109081800
10013,Test 10013,2,202109091800
10013,Test 10013,2,202109101855
10013,Test 10013,2,202109131800
10013,Test 10013,2,202109141800
10013,Test 10013,2,202109151800
10013,Test 10013,2,202109161800
10013,Test 10013,2,202109171800
10013,Test 10013,2,202109201800
10013,Test 10013,2,202109212025
10013,Test 10013,2,202109221800
10013,Test 10013,2,202109231855
10013,Test 10013,2,202109241800
10013,Test 10013,2,202109272030
10013,Test 10013,2,202109281800
10013,Test 10013,2,202109291800
10013,Test 10013,2,202109301800